name,length,type
procation,9,sudo
shiple,6,sudo
micrity,7,sudo
clapher,7,sudo
proats,6,sudo
simptyson,9,sudo
adinefults,10,sudo
plailass,8,sudo
tweiffus,8,sudo
greerfers,9,sudo
forcition,9,sudo
dersor,6,sudo
momothers,9,sudo
calinitor,9,sudo
bipaparry,9,sudo
vienix,6,sudo
junight,7,sudo
experm,6,sudo
gradown,7,sudo
dnestraps,9,sudo
qahftrxck,9,random
afnafq,6,random
ofpvaus,7,random
ieyiccw,7,random
pusnzj,6,random
ovqwpsbfh,9,random
cgchqjjfgy,10,random
qpesejzq,8,random
orvufaig,8,random
fywirkxlg,9,random
gogpxkfzn,9,random
cbcquk,6,random
bjznzwasr,9,random
ngqcllywg,9,random
aiaywvhbw,9,random
ycmbtt,6,random
bqfxwbg,7,random
rfdyom,6,random
uuecllm,7,random
wemfkbjzg,9,random
