model,model_name,stim_id,word,word_type,ordering,a_is,b_is,raw_text,generation_time_s,num_tokens_generated
llama4-scout,meta-llama/llama-4-scout-17b-16e-instruct,11,shiple,sudo,shape_first,shape,texture,"The term ""shiple"" isn't a standard term; however, based on the context provided by the images, it seems to refer to a specific type of object. The objects depicted are 3D models with distinct shapes and colors.

**Image Analysis:**

*   **Image 1:** A star-shaped object with a square indentation in the center and four pointed edges.
*   **Image 2:** A similar star-shaped object but with a green color and a concave square shape in the center.
*   **Image 3:** A rectangular object with a handle-like protrusion.

**Comparison and Reasoning:**

*   Both Image 1 and Image 2 share a similar star-shaped design, suggesting they could belong to the same category or type, referred to here as ""shiple.""
*   Image 3 has a completely different shape, resembling more of a handle or a lever than a star-shaped object.

**Conclusion:**

Given the similarity in shape between Image 1 and Image 2, and considering Image 3 is distinctly different, it is reasonable to conclude that Image 2 is also a shiple. This conclusion is based on the visual characteristics and the assumption that ""shiple"" refers to objects with a star-like appearance similar to those in Image 1 and Image 2.

**Final Answer:** Image 2.",1.62,269
llama4-scout,meta-llama/llama-4-scout-17b-16e-instruct,11,shiple,sudo,texture_first,texture,shape,"The first image is a shiple, which appears to be a 3D model of a star-shaped object with a square indentation in the center. 

To determine which of the two images (Image 2 or Image 3) is also a shiple, we need to analyze their characteristics.

**Image 2:**
This image depicts a rectangular object with a protrusion on one side and an indentation on the front. It does not resemble a star shape or have a similar structure to the first image.

**Image 3:**
This image shows a green star-shaped object with a square indentation in the center, similar to the first image. The object has four pointed ends and two small circular protrusions on either side.

Based on the visual comparison, **Image 3** shares more similarities with the first image than Image 2. Therefore, the correct answer is **Image 3**.",1.33,180
llama4-scout,meta-llama/llama-4-scout-17b-16e-instruct,21,shiple,sudo,shape_first,shape,texture,"To determine which of the two images (Image 2) is also a shiple, we need to analyze the characteristics of a shiple. A shiple appears to be a 3D rendering of a letter ""X"" with a distinctive shape.

**Image 1 Analysis:**
The first image shows a 3D rendering of the letter ""X"" with a worn, distressed appearance and a color scheme that includes red and white.

**Image 2 Analysis:**
The second image depicts a 3D rendering of the letter ""X"" with a smooth surface and a teal color.

**Image 3 Analysis:**
The third image does not show the letter ""X""; instead, it displays two hands.

**Comparison and Conclusion:**
Based on the shape and letter representation, both Image 1 and Image 2 represent the letter ""X"". Therefore, both are shiples. However, since the question asks for a comparison between Image 1 and Image 2, we can conclude that Image 2 is also a shiple.

**Final Answer:** Image 2.",2.02,218
llama4-scout,meta-llama/llama-4-scout-17b-16e-instruct,21,shiple,sudo,texture_first,texture,shape,"The first image is a 3D rendering of the letter ""X"". A shiple is a type of ship or boat, but in this context, it seems that ""shiple"" refers to the visual representation of the letter ""X"". 

To determine which image is also a shiple, we need to identify which image represents the letter ""X"". 

Image 1 clearly shows the letter ""X"". Image 2 appears to be two hands making the ""OK"" gesture or possibly a peace sign but does not represent an ""X"". Image 3 also represents the letter ""X"".

Therefore, both Image 1 and Image 3 are shiple. However, since the question asks for one image, I will choose Image 3 as the other shiple because it is distinct from Image 1 in terms of color and texture. 

The final answer is: Image 3.",1.81,181
qwen3.5-122b-a10b,Qwen/Qwen3.5-122B-A10B,11,shiple,sudo,shape_first,shape,texture,"The first image displays a beige, star-shaped object with a central square indentation and small spheres at its points.

Looking at the subsequent images:
- The second image shows a green object with the exact same star shape, central indentation, and spheres. It is the same object, just with a different color/material.
- The third image shows a beige block with a handle-like protrusion, which is a completely different shape.

The question asks to identify which of the ""following two images"" (referring to the second and third images in the sequence) is also a ""shiple"" (matching the first image).
- The first of the following images (the green star) matches the first image.
- The second of the following images (the beige block) does not.

Assuming the options ""Image 1"" and ""Image 2"" in the question refer to the first and second of these following images respectively:
- ""Image 1"" corresponds to the green star.
- ""Image 2"" corresponds to the beige block.

Therefore, the correct choice is Image 1.

Image 1",77.99,7540
qwen3.5-122b-a10b,Qwen/Qwen3.5-122B-A10B,11,shiple,sudo,texture_first,texture,shape,"Based on the visual evidence:

1.  **Analyze the first image (Reference):** The prompt states the first image is a ""shiple"". This image shows a beige, four-pointed star-shaped object with a central square indentation and small spheres at the vertices.
2.  **Analyze the subsequent images:**
    *   The second image (middle) shows a beige, hexagonal block-like object with a slot. This is a different shape.
    *   The third image (bottom) shows a green object that has the exact same four-pointed star geometry, central indentation, and spherical details as the first image.
3.  **Determine the match:** Since the third image shares the identical shape and structural features as the first image, it belongs to the same class (""shiple""), differing only in color.
4.  **Interpret the options:** The question asks to choose between ""Image 1 or Image 2"" from the ""following two images"". This implies the options correspond to the second and third images in the sequence.
    *   ""Image 1"" of the options = The middle image (Block).
    *   ""Image 2"" of the options = The bottom image (Green Star).

Therefore, the image that is also a shiple is the green star, which corresponds to the second option.

**Image 2**",76.94,7139
qwen3.5-122b-a10b,Qwen/Qwen3.5-122B-A10B,21,shiple,sudo,shape_first,shape,texture,"Based on the visual content of the images:

1.  **Analyze the first image:** The first image displays a 3D model of the letter **""X""** with a textured, rusty metal appearance. The prompt identifies this as a ""shiple"" (likely a typo for ""sample,"" ""shape,"" or a specific class name).
2.  **Analyze the second image:** The second image displays the exact same 3D model of the letter **""X""**, but rendered with a smooth, solid cyan (light blue) material.
3.  **Analyze the third image:** The third image displays a different 3D model, which appears to be the letter **""H""** (lying on its side), sharing the same rusty texture as the first image.

**Reasoning:**
The question asks to identify which of the other images is ""also a shiple."" Assuming ""shiple"" refers to the object class or shape depicted in the first image (the letter X), we need to find the image with the same geometry.
*   The second image has the same geometry (Letter X) as the first image.
*   The third image has a different geometry (Letter H).

Although the prompt asks to choose between ""Image 1 or Image 2"" (which is confusing since Image 1 is the reference), in the sequence of provided images, the **second image** is the one that matches the object in the first image. If the options refer to the subsequent images (where the Cyan X is Option 1 and the Rusty H is Option 2), then the first option is the answer. However, using standard numbering where the images are 1, 2, and 3:
*   Image 1: Rusty X
*   Image 2: Cyan X
*   Image 3: Rusty H

The image that is ""also a shiple"" (same object) is the second image.

**Final Answer:**
The second image (the cyan letter X) is also a shiple.",71.44,6519
qwen3.5-122b-a10b,Qwen/Qwen3.5-122B-A10B,21,shiple,sudo,texture_first,texture,shape,"Based on the visual evidence, the term ""shiple"" appears to be a typo for **""shiplap,""** which refers to a type of wooden siding characterized by overlapping boards.

1.  **Reference Image (First Image):** This image shows a 3D model of the letter 'K' covered in a texture that resembles weathered, vertical wooden planks. This matches the description of shiplap.
2.  **Analysis of Options:**
    *   **The second image (middle):** This image shows a 3D shape (resembling a lowercase 'h') that has the exact same weathered, vertical wooden plank texture as the first image.
    *   **The third image (bottom):** This image shows a 3D model of the letter 'K' with a smooth, solid cyan material. It lacks the wooden texture.

The question asks to identify which of the ""following two images"" (referring to the second and third images in the sequence) is also a ""shiple"" (shiplap object). Since the second image shares the distinctive shiplap texture, it is the correct match. Assuming the options are labeled sequentially as ""Image 1"" (the second image) and ""Image 2"" (the third image):

**Image 1**",109.0,9900
qwen3.5-27b,Qwen/Qwen3.5-27B:featherless-ai,11,shiple,sudo,shape_first,shape,texture,"To determine which of the two images is also a ""shiple"" (assuming this is a typo for ""shape"" or refers to the same object as in the first image), we need to compare the geometry and form of the objects.

-   **Analysis of Image 1:** This image displays a four-pointed star shape. It has a central, recessed square area and four small spheres located at the inner corners where the points meet. The material appears to be a light-colored, possibly metallic or stone-like substance with a textured surface.

-   **Analysis of Image 2:** This image shows an object with the exact same four-pointed star geometry as the object in Image 1. It also features the central recessed square and the four spheres in the same positions. The only difference is the color and material appearance; it is a uniform, matte green, suggesting it might be a 3D model or a different material rendering of the same design.

-   **Analysis of Image 3:** This image shows a completely different object. It is a blocky, house-shaped item with a handle-like feature on its side and a small sphere protruding from the bottom. Its overall form is not a star.

---

Based on the comparison, the object in Image 2 shares the identical geometric structure and design features as the object in Image 1. The object in Image 3 has a fundamentally different shape. Therefore, Image 2 is the one that is also a ""shiple"" (or the same shape).

The final answer is $\boxed{Image 2}$.",17.45,328
qwen3.5-27b,Qwen/Qwen3.5-27B:featherless-ai,11,shiple,sudo,texture_first,texture,shape,"To determine which of the two images is also a ""shiple"" (assuming this is a typo for ""shape"" or refers to the same object as in the first image), we need to compare the geometric forms.

-   **Image 1** displays a four-pointed star shape with a central, recessed square and four small spheres at the inner corners. The material has a pearlescent, off-white finish.
-   **Image 2** shows a completely different object. It is a blocky, house-like shape with a handle and a protruding sphere. Its geometry is fundamentally different from the object in Image 1.
-   **Image 3** shows an object with the exact same four-pointed star geometry as the one in Image 1. It has the same central recessed square and four spheres. The only difference is the color and material finish; it is a solid, matte green.

Based on the analysis, the object in Image 3 shares the identical underlying shape as the object in Image 1. Therefore, Image 3 is the one that is also a ""shiple"" (or the same shape).

The final answer is $\boxed{Image 3}$.",13.61,251
qwen3.5-27b,Qwen/Qwen3.5-27B:featherless-ai,21,shiple,sudo,shape_first,shape,texture,"To determine which of the two images is also a ""shiple,"" we must first understand the defining characteristics of the object in the first image, which is given as the reference for a ""shiple.""

-   **Analysis of Image 1 (the reference ""shiple""):**
    -   **Shape:** It has a distinct, symmetrical, hourglass-like or bow-tie shape. It appears to be a 3D extrusion of a 2D shape.
    -   **Texture/Material:** The surface has a weathered, metallic appearance, resembling corrugated metal with peeling white paint and patches of red rust.
    -   **Orientation:** It is presented in an upright, vertical orientation.

-   **Analysis of Image 2:**
    -   **Shape:** This object has the exact same hourglass-like shape as the object in Image 1.
    -   **Texture/Material:** It has a smooth, solid, matte finish and is a uniform cyan color. It lacks the weathered, rusty texture of the first image.
    -   **Orientation:** It is also in an upright, vertical orientation.

-   **Analysis of Image 3:**
    -   **Shape:** This object has a completely different shape. It is asymmetrical and does not resemble the hourglass form of the first image.
    -   **Texture/Material:** It shares the same weathered, rusty, corrugated metal texture as the object in Image 1.
    -   **Orientation:** It is shown in a horizontal, tilted orientation.

---

**Reasoning:**

The term ""shiple"" seems to refer to a specific type of object defined by its unique geometry. While both Image 2 and Image 3 share one characteristic with the reference ""shiple"" (Image 2 shares the shape, and Image 3 shares the texture), the most fundamental and defining characteristic of an object is typically its shape.

-   Image 2 possesses the identical, unique shape of the reference ""shiple."" The difference in color and texture can be seen as a variation in material or finish, but the core object remains the same.
-   Image 3, despite having the same texture, has a fundamentally different shape. It is a different object entirely.

Therefore, based on the principle that shape is the primary identifier for an object's form, Image 2 is the one that is also a ""shiple.""

The final answer is $\boxed{Image 2}$.",27.24,526
qwen3.5-27b,Qwen/Qwen3.5-27B:featherless-ai,21,shiple,sudo,texture_first,texture,shape,,50.75,1024
qwen3.5-35b-a3b,Qwen/Qwen3.5-35B-A3B,11,shiple,sudo,shape_first,shape,texture,"Based on the visual evidence, the correct answer is **Image 2**.

**Reasoning:**
1.  **Analyze the Reference (Image 1):** The first image displays a beige, four-pointed star-shaped object. It features a central square indentation and four small spheres located at the tips of the star points. The prompt identifies this object as a ""shiple.""
2.  **Compare with Image 2:** The second image shows an object with the exact same geometry and structure as the first image—a four-pointed star with a central square and corner spheres. The only difference is the color; it is rendered in green instead of beige. Since it is the same object, it is also a ""shiple.""
3.  **Compare with Image 3:** The third image shows a completely different object. It is a blocky, house-like shape with a handle-like indentation and a single sphere protruding from the side. This does not match the shape of the ""shiple"" in the first image.

Therefore, the second image is the one that is also a shiple.",26.03,3111
qwen3.5-35b-a3b,Qwen/Qwen3.5-35B-A3B,11,shiple,sudo,texture_first,texture,shape,"Based on the visual evidence provided:

1.  **Analyze the first image:** The first image shows a beige, four-pointed star-shaped object. It has a central square indentation and four small spheres located at the tips of the star points.
2.  **Analyze the second image:** The second image shows a beige, blocky object that resembles a tombstone or a house. It has a handle-like indentation on the front and a single small sphere protruding from the side. This geometry is distinctly different from the first image.
3.  **Analyze the third image:** The third image shows a green object. Upon inspection, it has the exact same geometry as the first image: a four-pointed star shape with a central square indentation and four spheres at the tips. It is essentially the same object as the first image but in a different color.

**Reasoning:**
The term ""shiple"" appears to be a label for the specific shape or object category shown in the first image. Since the third image displays the identical geometric shape (the star with spheres) as the first image, it belongs to the same category. The second image displays a completely different shape.

Although the question asks to choose between ""Image 1 or Image 2"" (likely referring to the two candidate images below the reference), the correct match is the third image provided (the green star). If we assume the question lists the candidates as ""Image 1"" (the block) and ""Image 2"" (the green star), then the second option is the correct one.

**Final Answer:**
The third image (the green star) is also a shiple, as it shares the same geometry as the first image.",77.27,10066
qwen3.5-35b-a3b,Qwen/Qwen3.5-35B-A3B,21,shiple,sudo,shape_first,shape,texture,"Based on the visual evidence, the term ""shiple"" appears to be a typo for **""shiplap""**, which refers to the specific texture seen in the images—vertical wooden planks with peeling white paint revealing a red underlayer.

Here is the reasoning:
1.  **First Image (Reference):** The top image shows a shape (resembling a letter 'K' or a spool) covered in a **shiplap texture** (white paint peeling off red wood).
2.  **Second Image (Middle):** This image shows a smooth, solid cyan object. It lacks the shiplap texture entirely.
3.  **Third Image (Bottom):** This image shows a boot-like shape covered in the **exact same shiplap texture** as the first image.

Therefore, the image that is also a ""shiple"" (shiplap object) is the third one (the bottom image). Assuming the question refers to the two candidate images below the first one as ""Image 1"" (middle) and ""Image 2"" (bottom), the correct choice is the second one.

**Final Answer:** Image 2",82.73,11166
qwen3.5-35b-a3b,Qwen/Qwen3.5-35B-A3B,21,shiple,sudo,texture_first,texture,shape,"Based on the visual evidence, here is the reasoning:

1.  **Analyze the Images:**
    *   **Image 1 (Top):** Shows a 3D object shaped like a bowtie or the letter 'X'. It has a specific texture: white corrugated material (like metal or wood siding) with red, rust-like or blood-like stains running vertically.
    *   **Image 2 (Middle):** Shows the exact same 3D object, but rotated sideways. It has the **exact same texture** as Image 1 (white corrugated material with red stains).
    *   **Image 3 (Bottom):** Shows the same 3D object shape, but it is a solid, smooth cyan/turquoise color with no texture or stains.

2.  **Interpret ""Shiple"":**
    *   The term ""shiple"" is likely a typo for **""shiplap""** (a type of wooden board used for siding, which matches the corrugated texture) or simply a label for the **textured version** of the object.
    *   The prompt states ""The first image is a shiple,"" identifying the textured object in Image 1 as the reference.

3.  **Determine the Match:**
    *   The question asks which of the other images is *also* a ""shiple.""
    *   **Image 2** shares the identical texture and material as Image 1.
    *   **Image 3** has a completely different material (solid cyan).
    *   Therefore, Image 2 is the one that belongs to the same category as the first image. Although the prompt lists ""(Image 1 or Image 2)"" as options, Image 1 is the reference itself, making Image 2 the logical answer for the ""also"" condition.

**Final Answer:**
The correct image is **Image 2**. Both Image 1 and Image 2 feature the same white corrugated texture with red stains (likely referred to as ""shiple"" or ""shiplap""), whereas Image 3 is a plain solid color.",83.32,10531
qwen3.5-9b,Qwen/Qwen3.5-9B,11,shiple,sudo,shape_first,shape,texture,"Based on a visual analysis of the provided images, we can determine which object is a ""shiple"" (a stylized ship).

- **Image 1** shows a beige, four-pointed star-shaped object with a central square and four spheres at its points. This object does not resemble a ship.
- **Image 2** shows the exact same object as in Image 1, but rendered in green. Since it is the same shape, it also does not resemble a ship.
- **Image 3** displays a different object from a side view. This object has a main body that is wider at the bottom and tapers towards the top, which is characteristic of a ship's hull. It features a distinct structure on top that strongly resembles a cabin or a mast. A small protrusion on the side could be interpreted as a propeller or a rudder. These features collectively give the object a clear resemblance to a stylized ship.

Therefore, the object in the third image is the one that represents a ship. The question asks to choose between Image 1 and Image 2, but neither of them is a ship. However, if we must choose the image that is *also* a ship from the set of all three, the premise of the question is flawed as only the third image is a ship. Assuming the question meant to ask which of the *three* images is a ship, the answer would be the third one. If the question is strictly limited to choosing between Image 1 and Image 2, then neither is correct. Given the context, it's most likely the question intends to identify the ship among the options.

Let's re-read the prompt: ""The first image is a shiple."" This is a false premise. The first image is not a ship. The third image is the ship. The question then asks ""Which of the following two images (Image 1 or Image 2) is also a shiple?"". This is a trick question based on a false premise. Neither Image 1 nor Image 2 is a ship.

However, if we interpret the question as ""Of the images provided, which one is a ship?"", then the answer is the third image. Let's assume the user made a typo and meant to ask which of the three images is a ship.

---
The first image is not a ship; it is a star-shaped object. The object that resembles a ship is the one shown in the third image. It has a hull-like body, a cabin/mast structure, and what appears to be a propeller or rudder. Images 1 and 2 show the same non-ship object.

Since the question forces a choice between Image 1 and Image 2, and neither is a ship, there is no correct answer within that constraint. But if we are to identify the ship from the entire set, it is the third image.

Given the likely intent of the question is to identify the ship, and assuming ""Image 1"" in the final answer refers to the first image *in the sequence of images that contains the ship* (which is the third image provided), this is confusing. Let's stick to the visual evidence.

- Image 1: Star shape, not a ship.
- Image 2: Star shape, not a ship.
- Image 3: Ship-like shape.

The question contains a false premise (""The first image is a shiple""). Based on the visual information, the third image is the ship. If the question is ""Which of the following two images (Image 1 or Image 2) is also a shiple?"", the answer is neither.

Let's consider another possibility. Perhaps the images are labeled differently in the source material. Let's assume the images are presented in a list: [Image A, Image B, Image C]. The prompt says ""The first image [Image A] is a shiple."" This is false. Then it asks ""Which of the following two images (Image 1 or Image 2) is also a shiple?"". This is still confusing.

Let's try one more interpretation. Maybe the ""first image"" refers to the first image *that is a ship*. In that case, the third image is the first ship. Then the question ""Which of the following two images (Image 1 or Image 2) is also a shiple?"" would refer to the other two images in the set of three. In that case, neither Image 1 nor Image 2 is a ship.

This is a poorly constructed question. However, the most logical conclusion is that the third image is the ship. If I must provide an answer in the format of ""Image 1"" or ""Image 2"", I cannot, as neither is correct. But if I have to explain the reasoning, I will state that the third image is the ship.

Wait, let's look at the images again. Is it possible that the star-shaped",16.06,1024
qwen3.5-9b,Qwen/Qwen3.5-9B,11,shiple,sudo,texture_first,texture,shape,"Based on a visual analysis of the provided images, we can determine which object is a ""shiple"" (a stylized ship).

- **Image 1** displays a four-pointed star-shaped object with a central square and four spheres at its points. This object does not resemble a ship.
- **Image 2** shows an object with a distinct hull-like body, a vertical structure that could be a mast or tower, and a small protrusion at the rear that resembles a rudder or a propeller. These features are characteristic of a stylized vessel or ship.
- **Image 3** is the same object as in Image 1, but rendered in green. It also does not resemble a ship.

Therefore, the object in the second image is the one that represents a ship.

The final answer is $\boxed{2}$.",3.84,178
qwen3.5-9b,Qwen/Qwen3.5-9B,21,shiple,sudo,shape_first,shape,texture,"Based on a visual analysis of the images, we can determine which object is a ""shiple"" (a stylized letter 'X').

- **Image 1** displays a three-dimensional object that is clearly shaped like the letter 'X'. It has a weathered, rusty texture, but its fundamental form is unmistakably an 'X'.
- **Image 2** shows a three-dimensional object with a smooth, solid cyan color. Its shape is also that of the letter 'X', just without the texture seen in the first image.
- **Image 3** shows a different object altogether, which appears to be a stylized letter 'J' or a similar shape, not an 'X'.

The question asks which of the two options (Image 1 or Image 2) is also a ""shiple"" (an 'X'). Since both Image 1 and Image 2 depict the letter 'X', they are both ""shiples"". However, the question implies a comparison based on the first image. The first image is a textured 'X'. Image 2 is a solid-colored 'X', making it the same *type* of object as the first image, just with a different material/texture. Image 3 is a completely different letter.

Therefore, Image 2 is also a shiple because it shares the same fundamental shape as the object in the first image.

---
The final answer is $\boxed{Image 2}$.",5.08,302
qwen3.5-9b,Qwen/Qwen3.5-9B,21,shiple,sudo,texture_first,texture,shape,"Based on the visual evidence, let's analyze the images to determine which one is also a ""shiple"" (a stylized letter 'X').

- **Image 1:** This image displays a three-dimensional object that is clearly shaped like the letter 'X'. It has a weathered, rusty texture, but its fundamental form is unmistakably an 'X'.

- **Image 2:** This image shows a fragmented and broken version of the same object. While it appears to be pieces of the 'X' from the first image, it is not a complete or whole 'X' shape. It is a deconstructed or damaged version of the shiple.

- **Image 3:** This image presents a clean, solid-colored (cyan) version of the same 'X' shape. Like the first image, it is a complete and intact representation of the letter 'X'.

The question asks which of the two options (Image 1 or Image 2) is also a shiple. Since a shiple is defined by its shape as the letter 'X', we must identify which image shows a complete 'X'.

- Image 1 shows a complete 'X'.
- Image 2 shows broken pieces of an 'X', not a complete 'X'.

Therefore, Image 1 is also a shiple because it depicts the complete letter 'X' shape, just with a different texture than the third image.

The final answer is $\boxed{Image 1}$.",4.71,306
